"pathway","pval","padj","log2err","ES","NES","size","leadingEdge"
"CUSTOM_LIPOLYSIS_LIPOGENESIS",0.00139006399731,0.00373122441383211,0.45505986738723,0.580764922667912,1.86664564022389,23,"Cidea, Aspg, Acot1, Scd1, Gpam, Hadh, Pnpla2, Acot5, Acsl1, Prkab2, Fasn, Acaca, Pcx, Mccc2, Prkaa2, Lipe"
"HALLMARK_ADIPOGENESIS",1.0491967311833e-05,4.11607948387295e-05,0.593325476396405,0.353606007375457,1.78576885665133,200,"Cidea, Ephx2, Gpd2, Chchd10, Aco2, Acaa2, Elovl6, Suclg1, Uqcrc1, Acadl, Retsat, Cs, Dlat, Crat, Idh3g, Idh3a, Angpt1, Dld, Acads, Cyc1, Acadm, Cpt2, Immt, Abcb8, Bckdha, Gpam, Gbe1, Enpp2, Decr1, Pfkl, Acox1, C3, Rmdn3, Gphn, Agpat3, Lpcat3, Mdh2, Cyp4b1, Hadh, Stat5a, Ppp1r15b, Coq9, Baz2a, Samm50, Slc25a1, Rreb1, Tst, Cavin1, Slc19a1, Coq3, Gpat4, Mgll, Ghitm, Aldoa, Phldb1, Me1, Aifm1, Lama4, Sorbs1, Ppm1b, Angptl4, Mccc1, Stom, Cox6a1, Ptcd3, Cat, Pgm1, Adcy6, Itga7, Dgat1, Hibch, Slc27a1, Fzd4, Dhrs7b, Chuk, Abca1, Esyt1, G3bp2, Map4k3, Lipe, Ech1"
"HALLMARK_ALLOGRAFT_REJECTION",6.59064163854851e-13,8.40306808914935e-12,0.921426003494898,-0.505051691206889,-2.29667557623902,190,"Il7, Glmn, Ccnd2, Gcnt1, Ptpn6, Cd1d2, Il13, H2-DMa, Icosl, Ccr2, Abi1, Eif3d, Il27ra, Eif5a, Srgn, Il18, Ccl11, Was, Cd80, Stat4, Ube2n, Cd4, Il2rb, Ifng, Irf8, Cd28, Sit1, Cd86, Ncf4, Spi1, Csk, Nck1, Cd96, Nme1, Tpd52, Cd40lg, Fas, Il2ra, Tap1, Crtam, Cd79a, Bcl10, Capg, Igsf6, Cd247, Tlr1, Npm1, H2-Ob, Psmb10, Tnf, Il15, Il12rb1, H2-Oa, Gzmb, Cxcr3, Ly86, Cd40, H2-DMb2, Ifngr2, Pf4, Mbl2, Gpr65, Il10, Cd8a, Itk, Stat1, Socs1, Ccl7, Ltb, Trat1, Cd2, Gzma, Il12b, Rps3a1, Rps9, Rpl9, Il4, Lck, Cd7, F2, Rps19-ps6, B2m, Cd8b1, Cdkn2a, Klrd1, Cd3e, Zap70, Ccl5, Cd3g, Cd3d, Irf7"
"HALLMARK_ANDROGEN_RESPONSE",0.00163618966242371,0.00397360346588616,0.45505986738723,0.35867358308032,1.59464150751737,95,"Aldh1a3, Krt8, Tmprss2, Bmpr1b, Iqgap2, Acsl3, Xrcc6, Elk4, Rps6ka3, Cdc14b, Krt19, H1f0, Map7, Steap4, Mak, Ncoa4, Plpp1, Abhd2, Herc3, Ptpn21, Zbtb10, Elovl5, Gucy1a1, Slc38a2, Gsr, Rrp12, Zmiz1, Pgm3, Akap12, Srf, Ndrg1, Itgav, Cdk6, Spdef, Stk39, Insig1"
"HALLMARK_ANGIOGENESIS",0.153061224489796,0.210976282404854,0.181383128498408,0.347350488268743,1.24571433978659,36,"Kcnj8, Fstl1, Fgfr1, Ptk2, Vav2, Vtn, Postn, Timp1, Jag2, Nrp1, App, Vegfa, Jag1, Msx1, Itgav, Tnfrsf21, Col3a1, Lrpap1, Vcan, Lpl"
"HALLMARK_APICAL_JUNCTION",2.42610388355324e-11,2.47462596122431e-10,0.863415391606693,0.447864998509919,2.23091794634178,191,"Mpzl2, Lamc2, Cldn5, Nrtn, Grb7, Cdh1, Pik3r3, Tnfrsf11b, Cldn11, Nectin2, Adra1b, Adamts5, Actg2, Crat, Cldn15, Fbn1, Pcdh1, Cldn9, Cdh4, Cadm3, Mpzl1, Shroom2, Itga3, Cdh3, Irs1, Atp1a3, Ppp2r2c, Pals1, Tjp1, Jup, Cdh6, Crb3, Nherf4, Wnk4, Tmem8b, Thbs3, Ptk2, Cd274, Vav2, Itga9, Nf1, Itgb4, Fscn1, Hadh, Nrxn2, Zyx, Ctnna1, Dlg1, Ldlrap1, Inppl1, Nectin3, Myh10, Thy1, Slit2, Icam2, Lima1, Flnc, Cd34, Pkd1, Src, Cd276, Pecam1, Cercam, Cldn19, Nectin1, Amigo1, Adam23, Tsc1, Negr1, Rasa1, Msn, Adam9, Pik3cb, Itgb1, Myl9, Insig1, Parva, Adam15, Ctnnd1, Nf2, Nexn, Cntn1, Sympk, Icam5, Plcg1, Vcl, Nlgn3, Icam1, Actn1, Arhgef6, Myh9, Tro, Actn4, Nrap, Wasl, Dhx16"
"HALLMARK_APICAL_SURFACE",4.38843089729809e-05,0.000149206650508135,0.557332238758646,0.548075878761369,2.0305369583874,42,"Mal, Atp6v0a4, Ephb4, Ntng1, Efna5, Shroom2, Slc22a12, Tmem8b, Crocc, Adam10, Afap1l2, Ncoa6, Ghrl, Thy1, Gas1, App, Gstm5, Crybg1, Dcbld2, Flot2"
"HALLMARK_APOPTOSIS",0.0305391238885139,0.0502417844617487,0.352487857583619,-0.307202480601084,-1.36637545628066,161,"Ank, Cdkn1b, Ebp, Cd44, Sc5d, Bnip3l, Il1b, Pak1, Bcl2l10, Emp1, Cav1, Ccnd2, Cdkn1a, Ier3, Etf1, Dffa, Birc3, Gch1, Sod1, Egr3, Il18, Pmaip1, Dnaja1, Anxa1, Dap, Pdcd4, Mcl1, Fas, Tap1, Gna15, Bcl10, Wee1, Tspo, Rhob, Eno2, Gadd45b, Gpx4, Tnf, Btg2, Bid, Bcl2l1, Lgals3, Bax, Gadd45a, Nefh, Casp4, Gpx1, Casp1, Cd2, Sat1, Lef1, Ddit3, Atf3, Cd69, Isg20, F2, Ifitm3, Gpx3"
"HALLMARK_BILE_ACID_METABOLISM",0.0177284948096596,0.0301384411764213,0.352487857583619,0.302193142977447,1.37557031653616,109,"Dio2, Ephx2, Bbox1, Tfcp2l1, Fads2, Mlycd, Retsat, Abcd3, Nudt12, Bmp6, Cyp8b1, Efhc1, Pecr, Abca6, Abca5, Abca3, Abca2, Abca4, Nr3c2, Abca8b, Pfkm, Amacr, Abcd1, Idh2, Npc1, Slc22a18, Pex1, Acsl1, Dio1, Slc23a2, Slc29a1, Abca9, Aldh9a1, Nedd4, Pipox, Pnpla8, Cat, Hsd17b4, Atxn1, Hsd17b11"
"HALLMARK_CHOLESTEROL_HOMEOSTASIS",0.679245283018868,0.721698113207547,0.0787113806986485,0.210658247400259,0.892199698454758,71,"Gstm7, Fads2, Stard4, Abca2, Trib3, Niban1, Aldoc, Srebf2, Acat2, Ctnnb1, Fdft1, Atxn2, Antxr2, Avpr1a, Ldlr, Jag1, Lss"
"HALLMARK_COAGULATION",0.00769847018023427,0.0146975103886286,0.407017918923954,-0.346831510276755,-1.49489441212824,129,"Pf4, Mbl2, C9, Mmp11, Hrg, Apoc3, Gng12, Mst1, Fga, Apoa1, Cpb2, Klk8, F2, Rgn, F12, Klkb1, Fgg, Plg, Itih1, Serpinc1, F9, Serpine1"
"HALLMARK_COMPLEMENT",0.116504854368932,0.169764216366158,0.151148761385484,-0.263608905412241,-1.19174133205797,184,"Cr2, Pfn1, Gzmb, Atox1, Stx4a, Lgals3, C9, Casp4, Gngt2, Mmp13, Casp1, Msrb1, Gzma, Psmb9, Lck, F2, Klkb1, Plg, Ccl5, Itih1, Serpinc1, Serpine1, Klk1, Irf7"
"HALLMARK_DNA_REPAIR",2.31273791647584e-07,1.31055148600297e-06,0.690132458796796,-0.463253562636204,-2.03523159220197,148,"Sac3d1, Nudt9, Eloa, Vps28, Impdh2, Prim1, Pde6g, Rala, Gtf2h1, Gtf2h3, Polr3c, Nudt21, Tsg101, Rfc5, Tarbp2, Ddb2, Polr2e, Nelfe, Dut, Cox17, Rfc4, Polr3gl, Polb, Rfc2, Polr2d, Surf1, Nme1, Edf1, Mrpl40, Arl6ip1, Guk1, Polr2h, Ncbp2, Dguok, Pcna, Rad52, Gtf2h5, Nt5c3, Hprt1, Pold4, Mpg, Gpx4, Rbx1, Aprt, Taf13, Polr2j, Polr2i, Rpa3, Taf12, Polr2f, Pole4, Cmpk2, Nt5c, Ada, Gtf2a2, Polr2g, Taf10, Polr1d, Polr1h, Cetn2, Polr1c, Eif1b, Snapc5, Nme4, Polr2k, Supt4a, Nme3, Pnp"
"HALLMARK_E2F_TARGETS",0.870165745856354,0.870165745856354,0.0350150690873584,-0.183132587926373,-0.832866215747978,199,"Tra2b, Pttg1, H2ax, Stmn1, Tubb5, Cdkn1a, Ube2t, Nudt21, Jpt1, Srsf2, Gins4, Spc24, Exosc8, Cdk4, Dut, Hmga1b, Ranbp1, Tipin, Rfc2, Ran, Psmc3ip, Prdx4, Nme1, Nap1l1, H2az1, Ube2s, Lsm8, Spc25, Mthfd2, Cenpm, Wee1, Rad1, Cks1b, Eif2s1, Phf5a, Pcna, Gins1, Cks2, Rpa3, Pole4, Dctpp1, Cdkn2c, Dck, Cdkn3, Cdkn2a"
"HALLMARK_EPITHELIAL_MESENCHYMAL_TRANSITION",0.364312267657993,0.432091294199014,0.13880510939114,0.205511854215427,1.02826692438255,194,"Lamc2, Tnfrsf11b, Fn1, Eln, Comp, Fbn1, Ecm1, Sfrp1, Cdh2, Nid2, Dab2, Fstl1, Magee1, Cdh6, Wnt5a, Mfap5, Loxl1, Rgs4, Abi3bp, Fermt2, Notch2, Slit3, Serpine2, Gja1, Sfrp4, Postn, Thy1, Slit2, Lama1, Dst, Fmod, Timp1, Ptx3, Gas1, Cxcl15, Aplp1, Dpysl3, Vegfa, Nt5e, Lrrc15, Msx1, Itgav, Pvr, Ntm, Dcn, Fzd8, Itgb1, Gpc1, Lamc1, Lama2, Prrx1, Myl9"
"HALLMARK_ESTROGEN_RESPONSE_EARLY",3.99492990106999e-08,2.54676781193212e-07,0.719512826338911,0.396602666971586,1.97710686213183,192,"Kcnk5, Krt8, Wwc1, Pdzk1, Akap1, Scnn1a, Celsr1, Mapt, Slc16a1, Celsr2, Klf4, Mpped2, Mlph, Cbfa2t3, Krt18, Adcy1, Klk10, Myb, Lrig1, Slc24a3, Igf1r, Flnb, Deptor, Add3, Nherf1, Tiam1, Krt19, Esrp2, Adcy9, Klf10, Kazn, Reep1, Thsd4, Tmprss3, Abca3, Rab17, P2ry2, Il6st, Med13l, Abhd2, Ablim1, Sh3bp5, Gja1, Clic3, Elovl5, Fdft1, Inpp5f, Slc22a5, Rhobtb3, Tubb2b, Farp1, Mybbp1a, Ret, Podxl, Rrp12, Eeig1, Foxc1, Slc19a2, Ovol2, Jak2, Rapgefl1, Myof, Ncor2, Rbbp8, Cyp26b1, Tpd52l1, Nav2, Med24, Kdm4b, Dlc1, Tbc1d30, Fasn, Mybl1, Mast4, Papss2, Amfr, Mindy1, Rps6ka2, Sec14l2, Nrip1, Slc2a1, Tmem164"
"HALLMARK_ESTROGEN_RESPONSE_LATE",1.44803179612919e-05,5.27497297161348e-05,0.593325476396405,0.351949505735754,1.75429913239897,190,"Kcnk5, Lamc2, Pdzk1, Scnn1a, Plxnb1, Mapt, Impa2, Slc16a1, Celsr2, Cdh1, Klf4, Lsr, Xrcc3, Klk10, Myb, Ascl1, Llgl2, Slc24a3, Pcp4, Prlr, Acox2, Flnb, Add3, Nherf1, Tiam1, Krt19, Perp, Hspa4l, Tmprss3, Plac1, Abca3, Fgfr3, Igsf1, Gper1, Il6st, Abhd2, Idh2, Clic3, Hmgcs2, Stil, Elovl5, Cacna2d2, Fdft1, Slc22a5, Agr2, Cpe, Gjb3, Dlg5, Farp1, Tst, Ret, Cdc20, Eeig1, Foxc1, Slc29a1, Top2a, Aldh3a2, Ugdh, Ltf, Kif20a, Ovol2, Jak2, Rapgefl1, Myof, Ncor2, Rbbp8, Emp2, Cyp26b1, Tpd52l1, Atp2b4"
"HALLMARK_FATTY_ACID_METABOLISM",2.63291283411239e-07,1.34278554539732e-06,0.674962860011025,0.408526209404352,1.99191294730722,154,"Cidea, Ppara, Ehhadh, Gpd2, Acadvl, Aco2, Acaa2, Etfdh, Hadhb, Bmpr1b, Suclg1, Sucla2, Dlst, Acadl, Acss1, Mlycd, Retsat, Gpd1, Sdha, Crat, Idh3g, Car4, Pdha1, Dld, Fmo1, Acot2, Acads, Cpt1a, Acadm, Cpt2, Idh3b, Fh1, Decr1, Acsm3, Acox1, Suclg2, Mdh2, Hadh, Acat2, Hmgcs2, Elovl5, Acsl4, Slc22a5, Pdhb, Acsl1, Mgll, Aldoa, Eci1, Hsp90aa1, Ptprg, Aldh3a2, Ugdh, Aldh9a1, Me1"
"HALLMARK_G2M_CHECKPOINT",0.00626777395252851,0.0127862588631582,0.407017918923954,0.278534285294345,1.39888503728763,195,"Slc12a2, Efna5, E2f3, Cenpf, Uck2, Dmd, Casp8ap2, Slc7a1, Rasal2, Espl1, Rps6ka5, Ccnt1, Egf, Hif1a, Nup98, Notch2, Tnpo2, Arid4a, Abl1, Hnrnpd, Stil, Lig3, Brca2, Cul3, Mybl2, Nsd2, Pola2, Plk1, Stag1, Cdc20, Gspt1, Bcl3, Cul5, Kif15, Top2a, Prc1, Atrx, Rad21, Syncrip, Foxn3, Wrn, Cul1, Polq, Mki67, Ewsr1, Sfpq, Kif4, Odf2, Chaf1a, Cul4a, Ctcf, Xpo1, Smc1a, Smarcc1, Kif5b, Ncl, Cenpe, Cdc25a, Smc2, Troap, Hnrnpu, Kpnb1, Pafah1b1, Numa1, Nusap1, Pds5b, Pura, Mtf2, Pole, Upf1, Lbr, Slc38a1, Tpx2, Ccna2, Nasp, Smad3, Cdc27, Bard1, Ttk, Myc, Sqle"
"HALLMARK_GLYCOLYSIS",0.128676470588235,0.182291666666667,0.241339976815091,0.230900099368543,1.16474559877281,197,"Fbp2, Gpc3, Chst4, Vldlr, Cldn9, Met, Me2, Dld, Gys2, Ext1, Irs2, Agl, Sox9, Xylt2, Zfp292, Cacna1h, Mdh2, Rragd, Tpst1, Lhx9, Gal3st1, Phka2, Cldn3, Pygl, Pkm, Hdlbp, Glce, Aldoa, Chpf2, Aldh9a1, Me1, Kif20a, Kif2a, Pygb, Vegfa, Nt5e, Ext2, Angptl4, Egln3, Capn5, Pgm2, Hs2st1, Med24, Gys1, Aldh7a1, Pcx, Dcn, Gclc, Copb2, Gpc1, Cited2, Ero1a, Ecd, Pkp2, Dpysl4, B3gnt3, Pfkp"
"HALLMARK_HEDGEHOG_SIGNALING",5.5516553068326e-06,2.57394927862239e-05,0.610526878385931,0.618794907496928,2.20520728906462,35,"Celsr1, Slit1, Cntfr, Ets2, Hey2, Vldlr, Rtn1, Ptch1, Gli1, Amot, Nf1, Shh, Nrp2, Thy1, Nrp1, Vegfa, Cdk5r1, Rasa1, Ophn1, Adgrg1, Cdk6"
"HALLMARK_HEME_METABOLISM",0.549861495844875,0.609629049741057,0.0562940749700968,-0.213341938453471,-0.965793377589669,185,"Psmd9, Cdr2, Tmem9b, Htatip2, Ctse, Sdcbp, Uros, Dmtn, Bnip3l, Mxi1, Tmcc2, Fbxo7, Arl2bp, Slc66a2, Narf, Tspo2, Nek7, Fbxo9, Tcea1, Ppox, Mospd1, Add2, Pgls, Ucp2, Car2, Htra2, Marchf2, Spta1, Slc30a10, Agpat4, Adipor1, Mgst3, Hdgf, Smox, Kel, Atg4a, Map2k3, Ypel5, Prdx2, Dcun1d1, Hmbs, Hebp1, Glrx5, Ermap, Gata1, Rbm38, Slc25a38, Blvrb, Ell2, Klf1, Btg2, Ccdc28a, Lmo2, Trim10, Blvra, Myl4, Ftcd, Epb42, Rhag, Slc22a4, Aqp3, Rhd, Ahsp"
"HALLMARK_HYPOXIA",0.314606741573034,0.382022471910112,0.151148761385484,0.206182317876215,1.03602412557681,196,"Ppargc1a, Gpc3, F3, Klf7, Hoxb9, Cp, Noct, Ncan, Vldlr, B4galnt2, Ndst1, Slc6a6, Ackr3, Kdm3a, Dtna, Ext1, Irs2, Rbpj, Gbe1, Nr3c1, Atp7a, Pfkl, Aldoc, Pdk1, Zfp292, Pdgfb, Map3k1, Rragd, Pygm, Slc25a1, Gck, Hdlbp, Cavin1, Aldoa, Klhl24, Gcnt2, Akap12, Vegfa, Xpnpep1, Angptl4, Ndst2, Hs3st1, Pgm2, Ndrg1, Gys1, Pgm1, Dcn, Large1, Gpc1, Cited2, Ero1a, Nedd4l, Fosl2, Slc2a1, Dpysl4, Pfkp, Grhpr, Kif5a, Ilvbl, Pck1, Hk2, Efna1, Ets1, Gaa, Rora, Bgn, Gpi1, Myh9, Igfbp1"
"HALLMARK_IL2_STAT5_SIGNALING",0.069060773480663,0.106730286288297,0.199915231309662,-0.272768998982396,-1.24052243529245,199,"Sell, Pdcd2l, Cd44, Mapkapk2, Praf2, Mxd1, Il3ra, Pim1, Emp1, Plscr1, Ptrh2, Cst7, Odc1, Cdc6, Ccnd2, Tgm2, Il13, Il1rl1, Etv4, Car2, Eomes, F2rl2, Bcl2, Flt3l, Dhrs3, Il1r2, Il2rb, Irf8, Rnh1, Cd86, S100a1, Serpinb6a, Arl4a, Xbp1, Nfil3, St3gal4, Il2ra, Gata1, Glipr2, Capg, Rhob, Gadd45b, Eef1akmt1, Ccr4, Cd79b, Cd48, Ctla4, Gpx4, Tnfrsf9, Hopx, Batf3, Gpr65, Rhoh, Bcl2l1, Tnfrsf18, Batf, Il10, Cxcl10, Icos, Socs2, Socs1, Cdkn1c, Traf1, Ltb, Cd83, Tnfrsf4, Gbp3, Ifitm3, Serpinc1, Pnp"
"HALLMARK_IL6_JAK_STAT3_SIGNALING",0.0134854915985728,0.0237158645354211,0.380730400722792,-0.363839480056896,-1.47089858996694,83,"Grb2, Ebi3, Cd44, Ccr1, Il1b, Ptpn2, Csf2ra, Il3ra, Pim1, Cxcl9, Il7, Myd88, Il10rb, Bak1, Il9r, Il1r2, Il15ra, Fas, Il2ra, Il17ra, Tnf, Il12rb1, Hax1, Stat2, Ifngr2, Pf4, Cxcl10, Stat1, Socs1, Ccl7, Ltb, Irf9"
"HALLMARK_INFLAMMATORY_RESPONSE",0.00320838083498007,0.00681780927433264,0.431707695803346,-0.323839448684072,-1.47382232435954,193,"Cdkn1a, Rhog, Bdkrb1, Ifitm1, Fzd5, Icosl, Abi1, Gch1, Slc31a2, Npffr2, Gpr132, Il18, Ndp, Irak2, Il2rb, Scn1b, Tnfsf9, Clec5a, Selenos, Kcnj2, Sri, Lamp3, Ccl17, Il15ra, Msr1, Aqp9, Emp3, Gna15, Cmklr1, Nmi, Tlr1, Ccrl2, Nfkbia, Cd48, Il15, Lta, Btg2, Ccl24, Ly6e, Tnfrsf9, Cd40, Ifngr2, Il10, Gpr183, Cxcl10, Ccl7, Ccr7, Slamf1, Il7r, Il12b, Lck, Cd69, Sphk1, Cxcr6, Ccl5, Rgs1, Serpine1, Bst2, Rtp4, Irf7"
"HALLMARK_INTERFERON_ALPHA_RESPONSE",3.50916237249977e-16,8.94836404987441e-15,1.03769615548758,-0.657334147084691,-2.69968156998899,94,"Trim12c, Lamp3, Trim21, Uba7, Psma3, Tap1, Mvb12a, Nmi, Ccrl2, Psme1, Il15, Samd9l, Ly6e, Stat2, Cmpk2, Lgals3bp, Cxcl10, Psme2, Herc6, Ifit2, Casp1, Sp110, Psmb9, Psmb8, Rsad2, Epsti1, Ube2l6, Isg20, Batf2, Gbp3, B2m, Ifitm3, Oasl1, Dhx58, Ifi35, Usp18, Irf9, Mx2, Ifi44, Bst2, Oas1a, Isg15, Rtp4, Ifit3, Irf7"
"HALLMARK_INTERFERON_GAMMA_RESPONSE",4.75862868641001e-19,2.4269006300691e-17,1.12391496374483,-0.573128074080956,-2.60262110534836,188,"Ifi30, Pim1, Ogfr, Adar, Eif2ak2, Cxcl9, Plscr1, Il7, Cdkn1a, Irf5, Parp12, Ptpn6, Bank1, Apol6, Myd88, Slc25a28, Ifi27, H2-DMa, Gch1, Slamf7, Ddx60, Marchf1, Rigi, Stat4, Il2rb, Irf8, Psmb2, Gpr18, Cd86, Peli1, Tnfaip3, Lysmd2, Sri, Psma2, Arl4a, Il18bp, Trim21, Nlrc5, Psma3, Il15ra, Fas, Tap1, Btg1, Itgb7, Tmt1b, Mthfd2, Cmklr1, Nmi, Nfkbia, Psmb10, Psme1, Il15, Samd9l, Vamp8, Ly6e, Cd40, Stat2, Cmpk2, Vamp5, Lgals3bp, Cxcl10, Psme2, Herc6, P2ry14, Stat1, Socs1, Ccl7, Ifit2, Casp4, Casp1, Sp110, Gzma, Psmb9, Psmb8, Rsad2, Fcgr1, Epsti1, Ube2l6, Cd69, Isg20, Batf2, Gbp3, B2m, Ifitm3, Oasl1, Dhx58, Ifi35, Ccl5, Usp18, Irf9, Mx2, Ifi44, Oas2, Xcl1, Bst2, Pnp, Zbp1, Xaf1, Oas3, Isg15, Rtp4, Ifit3, Irf7"
"HALLMARK_KRAS_SIGNALING_DN",0.00163376366452099,0.00397360346588616,0.45505986738723,0.301025383393789,1.48704157298154,176,"Gprc5c, Coq8a, Tfcp2l1, Hnf1a, Efhd1, Bmpr1b, Kcnmb1, Celsr2, Cntfr, Plag1, Arhgdig, Tgm1, Ryr2, Fgf16, Tenm2, Myo15a, Pdk2, Tex15, Fgfr3, Adra2c, Cpb1, Ptprj, Klhdc8a, Egf, Nr6a1, Ribc2, Mfsd6, Dtnb, Nos1, Kcnd1, Zfp112, Ryr1, Ccdc106, Gpr3, Cpeb3, Slc16a7, Dlk2, Tgfb2, Tshb, Dcc, Camk1d, Gp1ba, Ntf3, Clstn3, Slc12a3, Arpp21, Vps50, Tcf7l1, Kmt2d, Macroh2a2, Cacng1, Shox2, Skil"
"HALLMARK_KRAS_SIGNALING_UP",0.00226645176873131,0.00502561044370856,0.431707695803346,0.291821764847423,1.46561885538985,195,"Mpzl2, Aldh1a3, Cidea, Bmp2, Epb41l3, Cfh, Scg3, Klf4, Tspan1, Gfpt2, Mycn, Hsd11b1, Flt4, Pcsk1n, Pcp4, Ngf, F2rl1, Il1rl2, Plat, Cfb, Tnnt2, Eng, Ace, Jup, Map7, Sox9, Ano1, Rgs16, Nin, F13a1, Map3k1, Ptbp2, Mall, Aldh1a2, Gprc5b, Rabgap1l, Galnt3, Dnmbp, Strn, Cbl, Evi5, Gucy1a1, Cpe, Avl9, Fgf9, Trib2, Itgb2"
"HALLMARK_MITOTIC_SPINDLE",1.58861725360073e-15,2.70064933112124e-14,1.01754479730988,0.493644379455688,2.49818197187678,199,"Ezr, Trio, Cenpf, Cdc42ep2, Flnb, Bcar1, Tiam1, Shroom2, Cd2ap, Arhgef12, Ccdc88a, Lrpprc, Rasal2, Espl1, Apc, Cep131, Pxn, Hdac6, Nin, Shroom1, Nf1, Sos1, Rictor, Notch2, Arhgap29, Fscn1, Bcr, Map3k11, Akap13, Kif1b, Abl1, Hook3, Arhgap5, Cdc42bpa, Sorbs2, Arhgef11, Dlg1, Alms1, Wasf1, Clasp1, Myh10, Arap3, Brca2, Lats1, Kifap3, Cdk5rap2, Arhgef2, Dst, Farp1, Plk1, Cep192, Sptbn1, Rab3gap1, Rfc1, Mid1, Arfgef1, Septin9, Dock4, Wasf2, Kif15, Tubgcp6, Kif3b, Prex1, Klc1, Top2a, Tbcd, Fgd6, Llgl1, Rapgef6, Tlk1, Prc1, Smc3, Rapgef5, Clip2, Clip1, Pcm1, Epb41, Cttn, Arhgef7, Tsc1, Als2, Rasa1, Ophn1, Csnk1d, Kif4, Nedd9, Dync1h1, Mid1ip1, Pcnt, Sptan1, Mark4, Smc1a, Kif5b, Pkd2, Stk38l, Cenpe, Ssh2, Rock1, Myo9b, Pafah1b1, Ckap5, Numa1, Nusap1, Ect2, Arhgap27, Cntrl, Flna, Vcl, Tpx2, Plekhg2, Arhgef3, Cdc27, Ttk, Abr, Myh9, Arhgap10, Actn4"
"HALLMARK_MTORC1_SIGNALING",0.448228882833787,0.507992733878292,0.0652353056017703,-0.220718229988342,-1.00611199869941,198,"Ifrd1, Pdap1, Fkbp2, Cops5, Coro1a, Atp6v1d, Rit1, Pno1, Eif2s2, Map2k3, Hmbs, Cacybp, Ube2d3, Idh1, Xbp1, Nfil3, Srd5a1, Psma3, Sord, Sdf2l1, Cxcr4, Mthfd2, Atp5mc1, Prdx1, Mllt11, Ppp1r15a, Hprt1, Serp1, Ppia, Btg2, Mthfd2l, Hspe1, Dhfr, Arpc5l, Ufm1, Ccng1, Nupr1, Glrx, Eef1e1, Sla, Ddit3, Pnp"
"HALLMARK_MYC_TARGETS_V1",1.90445355827795e-08,1.38753044960251e-07,0.73376198835648,-0.438230830082864,-1.99722328446637,197,"Impdh2, Rsl1d1, Tra2b, Tcp1, Clns1a, Slc25a3, Odc1, Psmb3, Hnrnpa1, Cnbp, Etf1, Prps2, Hddc2, Srsf2, Eif3d, Psmd14, Cct5, Ifrd1, Pole3, Hnrnpc, Cdk4, Dut, Cops5, Rfc4, Psmd8, Aimp2, Hdgf, Psmb2, Ube2e1, Ranbp1, Srsf7, Eif2s2, Apex1, Acp1, Ptges3-ps, Cct4, Ran, Snrpa1, Psma2, Prdx4, Lsm2, Nme1, Nap1l1, H2az1, Psma6, Vbp1, Rps10, Nhp2, Gm10705, Psma7, Eif2s1, Ywhaq, Ssbp1, Ncbp2, Snrpd1, Pcna, Npm1, Hprt1, Txnl4a, Ppia, Eif4e, Snrpb2, Hspe1, Pabpc1, Mrpl23, Ap3s1, Gm10146, Erh, Snrpd2, Rpl6, Rps2, Rplp0, Rack1, Rpl18, Rpl14, Eef1b2, Rpl22, Snrpg, Rps3, Rps5, Rps6, Gm4705"
"HALLMARK_MYC_TARGETS_V2",0.829617834394904,0.846210191082803,0.0438002031299891,-0.213214168598843,-0.798314467255371,58,"Cbx3, Exosc5, Ppan, Wdr74, Ndufaf4, Mrto4, Rabepk, Cdk4, Aimp2, Sord, Nip7, Npm1, Hspe1, Dctpp1, Dusp2"
"HALLMARK_MYOGENESIS",0.000336666540753744,0.00107312459865256,0.49849310876659,0.313229022641132,1.56026537070349,191,"Cox7a1, Fabp3, Aplnr, Gnao1, Chrnb1, Crat, Camk2b, Erbb3, Chrna1, Myom1, Dmd, Dtna, Casq2, Adcy9, Tnnt2, Reep1, Pde4dip, Mapre3, Schip1, Mef2a, Agl, Dapk2, Sh3bgr, Myl7, Pfkm, Cacna1h, Itgb4, Mef2d, Ablim1, Notch1, Nos1, Ryr1, Nqo1, Wwtr1, Smtn, Plxnb2, Pygm, Kifc3, Acsl1, Tead4, Tsc2, Tnnc2, Myh11, App, Sorbs1, Pick1, Efs, Cdh13, Tpd52l1, Flii, Cnn3, Mef2c, Nav2, Hdac5, Cacng1, Tcap, Atp2a1, Sptan1, Pcx, Itgb1, Large1, Spdef, Lama2, Pdlim7"
"HALLMARK_NOTCH_SIGNALING",0.0317633644205041,0.0506228620451784,0.321775918075361,0.429830377893826,1.49570836347576,32,"Dll1, Heyl, Fzd7, Wnt5a, St3gal6, Notch2, Notch1, Dtx1, Wnt2, Arrb1, Notch3, Jag1, Cul1, Dtx4, Fbxw11, Dtx2, Maml2"
"HALLMARK_OXIDATIVE_PHOSPHORYLATION",9.53510925971828e-06,4.05242143538027e-05,0.593325476396405,0.350591538576077,1.76077877448891,195,"Acadvl, Aco2, Acaa2, Etfdh, Hadhb, Slc25a20, Hadha, Ogdh, Suclg1, Uqcrc1, Sucla2, Dlst, Ndufv1, Retsat, Cs, Sdha, Pdk4, Dlat, Atp5f1b, Atp1b1, Idh3g, Idh3a, Ndufs1, Ndufa9, Pdha1, Opa1, Dld, Pdhx, Afg3l2, Cpt1a, Cyc1, Acadm, Idh3b, Fh1, Hspa9, Immt, Uqcrc2, Bckdha, Atp5f1a, Lrpprc, Ndufs2, Ldhb, Decr1"
"HALLMARK_P53_PATHWAY",0.000599703930930086,0.00169916113763524,0.477270815362862,-0.347182223941576,-1.5825797500334,198,"Sertad3, Ccnd2, Cdkn1a, Iscu, Ier3, Ei24, Tprkb, Bak1, Mxd4, Sesn1, Tsc22d1, Ddb2, Rnf19b, Phlda3, Tnfsf9, Rad9a, Fam162a, Tax1bp3, Rchy1, Ankra2, Rap2b, Aen, Mdm2, Fas, Tap1, Btg1, Rrp8, Tnni1, Hras, Ppp1r15a, Pcna, H2aj, Ip6k2, Btg2, Vamp8, Ninj1, Ada, Alox8, Blcap, S100a10, Ccng1, Bax, H2ac25, Dcxr, Gadd45a, S100a4, Socs1, Nupr1, Pvt1, Hint1, Cdkn2b, Triap1, Casp1, Sat1, Rack1, Rpl18, Klk8, Ddit3, Rpl36, Gls2, Atf3, Rps27l, Cdkn2a, Rps12, Sphk1"
"HALLMARK_PANCREAS_BETA_CELLS",0.739795918367347,0.769991670137443,0.0520570030732099,-0.259967724856568,-0.823471520929457,28,"Ins2, Sec11a, Pcsk2, Insm1, Neurog3, Slc2a2, Isl1, Spcs1, Lmo2, Srp14"
"HALLMARK_PEROXISOME",0.226993865030675,0.296838131193959,0.161978948883402,0.253745961682052,1.12915520056856,99,"Ephx2, Ehhadh, Ide, Mlycd, Retsat, Sema3c, Abcd3, Crat, Abcc8, Abcb9, Acox1, Abcd1, Idh2, Sts, Elovl5, Ctps1, Acsl4, Acsl1, Dio1, Slc23a2, Top2a, Aldh9a1, Mvp, Sod2, Vps4b, Cat, Hsd17b4, Atxn1, Hsd17b11, Smarcc1"
"HALLMARK_PI3K_AKT_MTOR_SIGNALING",0.422848664688427,0.490120043161586,0.0723570851036907,-0.244284583430157,-1.02045665935373,104,"Grb2, Cdkn1b, Dapp1, Cfl1, Arf1, Pten, Ralb, Atf1, Cdkn1a, Pla2g12a, Myd88, Csnk2b, Actr3, Cab39l, Arpc3, E2f1, Ube2n, Cdk4, Pin1, Them4, Rit1, Map2k3, Nck1, Ube2d3, Map2k6, Cxcr4, Hras, Ppp1ca, Eif4e, Pfn1, Camk4, Stat2, Il4, Sla, Ddit3, Lck"
"HALLMARK_PROTEIN_SECRETION",0.210682492581602,0.282758082148993,0.165656695205483,0.255227936049126,1.13289008555647,94,"Krt18, Scrn1, Rps6ka3, Tspan8, Galc, Clcn3, Atp7a, Atp1a1, Stam, Adam10, Arfgef2, Ocrl, Cltc, Kif1b, Ica1, Dst, Anp32e, Mon2, Arfgef1, Copb1, Gnas, Ap1g1, Vps4b, Sec31a, Golga4, Igf2r, Ap2b1, Dop1a, Copb2, Dnm1l, Arfgap3, Uso1, Lman1, Abca1, Scamp1, Ctsc, Mapk1, Gbf1"
"HALLMARK_REACTIVE_OXYGEN_SPECIES_PATHWAY",0.0810810810810811,0.121621621621622,0.197822021315103,-0.370411956000736,-1.34425486277908,48,"Srxn1, Egln2, Glrx2, Sod1, Ndufa6, Mgst1, Selenos, Prdx2, Prdx4, Prdx1, Txn1, Gpx4, Ipcef1, Atox1, Lamtor5, Prdx6, Glrx, Ftl1, Gpx3"
"HALLMARK_SPERMATOGENESIS",0.00778103491162688,0.0146975103886286,0.407017918923954,0.31424972995817,1.4610178296514,122,"Elovl3, Cftr, Tcp11, Scg3, Ide, Slc12a2, She, Adam2, Pcsk1n, Braf, Odf1, Hspa4l, Ace, Mtor, Map7, Rpl39l, Clpb, Papolb, Topbp1, Nos1, Pcsk4, Mast2, Tulp2, Prkar2a, Dcc, Ift88, Scg5, Prm2, Gpr182, Gstm5, Septin4, Csnk2a2, Pacrg, Cst8, Tle4, Agfg1, Gad1, Nf2, Cnih2, Mllt10, Ccna1, Mlf1, Sirt1, Ttk"
"HALLMARK_TGF_BETA_SIGNALING",0.00935780320824998,0.0170445701293125,0.380730400722792,0.384358304148778,1.50888546363743,53,"Smad6, Bmp2, Cdh1, Id1, Klf10, Eng, Tjp1, Apc, Trim33, Smurf1, Xiap, Bmpr2, Ltbp2, Ski, Furin, Ctnnb1, Nog, Wwtr1, Sptbn1, Arid4b, Hipk2, Ncor2, Bmpr1a, Skil"
"HALLMARK_TNFA_SIGNALING_VIA_NFKB",0.000598888007214535,0.00169916113763524,0.477270815362862,-0.347914623469351,-1.58670290200764,196,"Tsc22d1, Il18, Rigi, Cd80, Rnf19b, Dnajb4, B4galt5, Tnfsf9, Tnfaip8, Birc2, Hes1, Cebpd, Map2k3, G0s2, Tnfaip3, Tgif1, Mcl1, Id2, Nfil3, Il15ra, Tap1, Btg1, Eif1, Tank, Rhob, Gadd45b, Zfp36, Ppp1r15a, Ccrl2, Nfkbia, Tnf, Btg2, Tnfrsf9, Ninj1, Ifngr2, Gpr183, Cxcl10, Gadd45a, Tiparp, Ifit2, Traf1, Il7r, Cd83, Il12b, Sat1, Dusp2, Gem, Atf3, Cd69, Sphk1, Bcl2a1d, Ccl5, Msc, Serpine1"
"HALLMARK_UNFOLDED_PROTEIN_RESPONSE",0.604920405209841,0.656402992887274,0.0538979025357319,-0.221789322550071,-0.938156155655115,110,"Rrp9, Tatdn2, Herpud1, Gosr2, Fkbp14, Srprb, Nop56, Psat1, Paip1, Pop4, Ddit4, Nfya, Edem1, Tubb2a, Atp6v0d1, Exosc5, Banf1, H2ax, Sec11a, Eef2, Atf4, Imp3, Lsm4, Yif1a, Eif4ebp1, Xbp1, Eif4a2, Mthfd2, Nhp2, Cebpg, Exosc1, Cks1b, Eif2s1, Npm1, Serp1, Lsm1, Eif4e, Spcs1, Stc2, Atf3, Rps14"
"HALLMARK_UV_RESPONSE_DN",3.21442087726738e-11,2.73225774567727e-10,0.851339057116899,0.493263484504096,2.37078554588534,144,"Map1b, Acvr2a, F3, Cdon, Pik3r3, Scn8a, Vldlr, Met, Has2, Igf1r, Id1, Add3, Abcc1, Dab2, Irs1, Tgfbr2, Tjp1, Slc7a1, Schip1, Nr3c1, Mios, Efemp1, Atp2b1, Sfmbt1, Lpar1, Erbb2, Vav2, Rgs4, Notch2, Ptpn21, Plcb4, Ptprm, Kalrn, Mmp16, Cdk13, Magi2, Cacna1a, Cdc42bpa, Nipbl, Ica1, Gja1, Togaram1, Wdr37, Dlg1, Slc22a18, Dyrk1a, Scaf8, Nfib, Ltbp1, Mgll, Zmiz1, Celf2, Phf3, Aggf1, Atrn, Atrx, Nrp1, Pias3, Ldlr, Bmpr1a, Atp2b4, Fyn, Dlc1, Adgrl2, Atxn1, Lamc1, Cited2, Insig1, Nfkb1"
"HALLMARK_UV_RESPONSE_UP",0.289173789173789,0.359703981655201,0.0905428948469474,-0.24671306457324,-1.08960743701336,155,"H2ax, Psmc3, Stard3, Arrb2, Cxcl1, Cyb5r1, Cdo1, Sult1a1, Gch1, Car2, Bak1, Atp6v1c1, Pdap1, Pole3, Dnaja1, Alas1, Cdc34, Rfc4, Nat2, Tap1, Btg1, Cebpg, Polr2h, Apom, Rab27a, Rhob, Eno2, Nfkbia, Ap2s1, Olfm1, Atp6v1f, Btg2, Lhx2, Mrpl23, Ggh, Bid, Cdkn2b, Cdkn1c, Selenow, Atf3, Aqp3, Gpx3"
"HALLMARK_WNT_BETA_CATENIN_SIGNALING",0.00210551560820877,0.00488096800084761,0.431707695803346,0.460550116478568,1.70024077207908,41,"Dll1, Hey2, Ptch1, Rbpj, Notch1, Wnt1, Maml1, Ctnnb1, Wnt5b, Jag2, Ncor2, Jag1, Cul1, Csnk1e, Hdac5, Trp53, Ncstn, Fzd8, Numb"
"HALLMARK_XENOBIOTIC_METABOLISM",0.251023192360164,0.320054570259209,0.096240602328129,-0.242001205528867,-1.10127803860105,194,"Slc46a3, Pemt, Igf1, Ssr3, Cdo1, Gch1, Pts, Car2, Cyp27a1, Hgfac, Ptges, Comt, Alas1, Hes6, Irf8, Smox, F11, Acp1, Ptges3-ps, F10, Idh1, Arpp19, Id2, Fas, Aqp9, Dhps, Leap2, Blvrb, Gnmt, Hprt1, Upb1, Psmb10, Ttpa, Angptl3, Ninj1, Mbl2, Adh7, Serpina6, Slc22a1, Crp, Dcxr, Cyb5a, Fetub, Hrg, Acsm1, Akr1c6, Igfbp4, Tat, Plg, Itih1, Fabp1, Cyp4f14, Serpine1"
